shared_kv_num_pages,shared_kv_len,total_kv_len,time_ms,time_min_ms,time_max_ms
32,4096,36864,0.04521600157022476,0.04460800066590309,0.057792000472545624
64,8192,40960,0.0729919970035553,0.07225599884986877,0.07379200309515
128,16384,49152,0.13078400492668152,0.13007999956607819,0.13158400356769562
256,32768,65536,0.24115200340747833,0.2404160052537918,0.24258559942245483
512,65536,98304,0.4639039933681488,0.46300798654556274,0.4647679924964905
768,98304,131072,0.6998720169067383,0.6984320282936096,0.7006080150604248
1024,131072,163840,0.933568000793457,0.932479977607727,0.9348800182342529
